time,speed
0.0,
0.03333333333333333,
0.06666666666666667,
0.1,
0.13333333333333333,
0.16666666666666666,0.056464944
0.2,0.09798972
0.23333333333333334,0.15122254
0.26666666666666666,0.21290836
0.3,0.21354546
0.3333333333333333,0.21479541
0.36666666666666664,0.21517755
0.4,0.21317667
0.43333333333333335,0.2050304
0.4666666666666667,
0.5,
0.5333333333333333,
0.5666666666666667,
0.6,
0.6333333333333333,
0.6666666666666666,
0.7,
0.7333333333333333,
0.7666666666666667,
0.8,
0.8333333333333334,
0.8666666666666667,
0.9,
0.9333333333333333,
0.9666666666666667,
1.0,
1.0333333333333334,
1.0666666666666667,
1.1,
1.1333333333333333,
1.1666666666666667,
1.2,
1.2333333333333334,
1.2666666666666666,
1.3,
1.3333333333333333,
1.3666666666666667,
1.4,
1.4333333333333333,
1.4666666666666666,
1.5,
1.5333333333333334,
1.5666666666666667,
1.6,
1.6333333333333333,
1.6666666666666667,
1.7,
1.7333333333333334,
1.7666666666666666,
1.8,
1.8333333333333333,
1.8666666666666667,
1.9,
1.9333333333333333,
1.9666666666666666,
2.0,
2.033333333333333,
2.066666666666667,
2.1,
2.1333333333333333,
2.1666666666666665,
2.2,
2.2333333333333334,
2.2666666666666666,
2.3,
2.3333333333333335,
2.3666666666666667,
2.4,
2.433333333333333,
2.466666666666667,
2.5,
2.533333333333333,
2.566666666666667,
2.6,
2.6333333333333333,
2.6666666666666665,
2.7,
2.7333333333333334,
2.7666666666666666,
2.8,
2.8333333333333335,
2.8666666666666667,
2.9,
2.933333333333333,
2.966666666666667,
3.0,
3.033333333333333,
3.066666666666667,
3.1333333333333333,
3.1666666666666665,
3.2,
3.2333333333333334,
3.2666666666666666,
3.3,0.014037532
3.3333333333333335,0.017546915
3.3666666666666667,
3.4,
3.433333333333333,
3.466666666666667,
3.5,
3.533333333333333,
3.566666666666667,
3.6,
3.6333333333333333,
3.6666666666666665,
3.7,
3.7333333333333334,
3.7666666666666666,
3.8,
3.8333333333333335,
3.8666666666666667,
3.9,
3.933333333333333,
3.966666666666667,
4.0,
4.033333333333333,
4.066666666666666,1.166603
4.1,1.4137541
4.133333333333334,1.6977732
4.166666666666667,1.9084461
4.2,2.1247952
4.233333333333333,2.3603399
4.266666666666667,2.6122477
4.3,2.6618917
4.333333333333333,-2.4643962
4.366666666666666,-2.1801178
4.4,-1.8042635
4.433333333333334,1.3862306
4.466666666666667,1.0764471
4.5,
4.533333333333333,
4.566666666666666,
4.6,
4.633333333333334,
4.666666666666667,
4.7,
4.733333333333333,
4.766666666666667,
4.8,
4.833333333333333,
4.866666666666666,
4.9,
4.933333333333334,
4.966666666666667,
5.0,
5.033333333333333,
5.066666666666666,1.8304057
5.1,2.6288915
5.133333333333334,3.3554645
5.166666666666667,3.7168612
5.2,3.7833722
5.233333333333333,3.609396
5.266666666666667,3.3626587
5.3,3.0761669
5.333333333333333,2.6167498
5.366666666666666,1.896347
5.4,1.0107884
5.433333333333334,0.0436938
5.466666666666667,-0.86550164
5.5,-1.3482269
5.533333333333333,-1.5062952
5.566666666666666,-1.4017559
5.6,-1.1924124
5.633333333333334,-0.95827913
5.666666666666667,-0.6937586
5.7,-0.44567668
5.733333333333333,-0.3251377
5.766666666666667,-0.22829692
5.8,-0.1608322
5.833333333333333,-0.10208261
5.866666666666666,-0.07530098
5.9,-0.05134567
5.933333333333334,0.049958985
5.966666666666667,0.039744105
6.0,-0.17209724
6.033333333333333,-0.28028116
6.066666666666666,-0.34687674
6.1,-0.3577997
6.133333333333334,-0.30036822
6.166666666666667,-0.23265797
6.2,-0.12869132
6.233333333333333,-0.095323436
6.266666666666667,-0.13733348
6.3,-0.1322041
6.333333333333333,-0.08756825
6.366666666666666,-0.038170602
6.4,0.00921316
6.433333333333334,0.028638592
6.466666666666667,-0.042064644
6.5,0.089243285
6.533333333333333,0.16648306
6.566666666666666,-0.14678128
6.6,-0.49174893
6.633333333333334,-0.86474496
6.666666666666667,-1.107569
6.7,-1.1773416
6.733333333333333,-1.1155046
6.766666666666667,-1.1186153
6.8,-1.1092861
6.833333333333333,-1.2139654
6.866666666666666,-1.2801074
6.9,-1.0426853
6.933333333333334,-0.65819
6.966666666666667,-0.34005338
7.0,-0.25708994
7.033333333333333,-0.40817982
7.066666666666666,-0.6685306
7.1,-0.7355859
7.133333333333334,-0.61965466
7.166666666666667,-0.61965466
7.2,-0.6228086
7.233333333333333,-0.6216007
7.266666666666667,-0.5988602
7.3,-0.5163539
7.333333333333333,-0.36141852
7.366666666666666,-0.15323243
7.4,0.083742455
7.433333333333334,0.35862246
7.466666666666667,0.65761405
7.5,1.1847274
7.533333333333333,1.6499015
7.566666666666666,1.8315628
7.6,1.5617218
7.633333333333334,1.5617218
7.666666666666667,1.5668435
7.7,1.5657367
7.733333333333333,1.7939043
7.766666666666667,1.3997796
7.8,0.5104588
7.833333333333333,-0.5732124
7.866666666666666,-1.4646071
7.9,-1.8651181
7.933333333333334,-1.6535084
7.966666666666667,-1.6548398
8.0,-1.6490989
8.033333333333333,-1.6490989
8.066666666666666,-1.9307914
8.1,-1.7411656
8.133333333333333,-1.2547618
8.166666666666666,-0.700472
8.2,-0.27284056
8.233333333333333,-0.05368012
8.266666666666667,0.0047336156
8.3,0.007992497
8.333333333333334,-0.036242757
8.366666666666667,0.022762792
8.4,0.060474407
8.433333333333334,0.095761694
8.466666666666667,0.09236208
8.5,0.09179338
8.533333333333333,0.02683059
8.566666666666666,-0.12770914
8.6,-0.20598993
8.633333333333333,-0.21967012
8.666666666666666,-0.20989868
8.7,-0.20057808
8.733333333333333,-0.27709174
8.766666666666667,-0.26853555
8.8,-0.086248875
8.833333333333334,0.22225429
8.866666666666667,0.9596361
8.9,1.5607905
8.933333333333334,1.8522029
8.966666666666667,1.4189322
9.0,0.65432274
9.033333333333333,0.7128894
9.066666666666666,1.1695303
9.1,1.1308016
9.133333333333333,0.80451906
9.166666666666666,0.49464804
9.2,-0.31997392
9.233333333333333,-0.5744047
9.266666666666667,0.6922505
9.3,2.4514482
9.333333333333334,
9.366666666666667,
9.4,
9.433333333333334,
9.466666666666667,
9.533333333333333,
9.566666666666666,
9.6,
9.633333333333333,
9.666666666666666,
9.7,1.0247248
9.733333333333333,0.73120195
9.766666666666667,-0.015259278
9.8,-0.39852735
9.833333333333334,-0.52664465
9.866666666666667,-0.53483105
9.9,-0.45473248
9.933333333333334,-0.3328548
9.966666666666667,-0.06701759
10.0,0.44571614
10.033333333333333,0.6182625
10.066666666666666,0.8551488
10.1,1.5435289
10.133333333333333,1.7760926
10.166666666666666,1.823089
10.2,1.7871795
10.233333333333333,1.780399
10.266666666666667,
10.3,
10.333333333333334,
10.366666666666667,
10.4,
10.466666666666667,
10.5,
10.533333333333333,
10.566666666666666,
10.733333333333333,
10.766666666666667,
10.8,
10.833333333333334,
10.866666666666667,
10.9,-0.18393756
10.933333333333334,0.6951189
10.966666666666667,0.938889
11.0,0.6270075
11.033333333333333,0.3515712
11.066666666666666,-0.14392069
11.1,-0.3908023
11.133333333333333,-0.83030397
11.166666666666666,-1.4099292
11.2,-2.0511537
11.233333333333333,-2.5802073
11.266666666666667,-2.887557
11.3,-2.9100878
11.333333333333334,-2.4335327
11.366666666666667,-2.0417078
11.4,-1.6306437
11.433333333333334,-1.2179363
11.466666666666667,-0.7623692
11.5,-0.30599955
11.533333333333333,0.036138874
11.566666666666666,0.121161304
11.6,-0.316145
11.633333333333333,-0.37763897
11.666666666666666,-0.3846962
11.7,-0.35127547
11.733333333333333,-0.29128352
11.766666666666667,0.24409238
11.8,0.26672733
11.833333333333334,0.26842153
11.866666666666667,0.5776933
11.9,1.3223609
11.933333333333334,2.1718512
11.966666666666667,2.7474692
12.0,2.917214
12.033333333333333,3.096724
12.066666666666666,3.14251
12.1,2.9852853
12.133333333333333,2.9292295
12.166666666666666,2.8158197
12.2,2.1841817
12.233333333333333,1.1822642
12.266666666666667,0.2031844
12.3,-0.48249698
12.333333333333334,-0.72938615
12.366666666666667,-0.98346317
12.4,-1.0687596
12.433333333333334,-1.023
12.466666666666667,-1.117769
12.5,-0.9747449
12.533333333333333,-0.69938403
12.566666666666666,-0.38501287
12.6,-0.107963145
12.633333333333333,0.15315066
12.666666666666666,0.44011873
12.7,0.7683198
12.733333333333333,1.0182856
12.766666666666667,1.284911
12.8,1.0235595
12.833333333333334,0.84232163
12.866666666666667,0.7717319
12.9,0.8241975
12.933333333333334,0.875853
12.966666666666667,-0.877574
13.0,-1.0219138
13.033333333333333,-1.2053338
13.066666666666666,-1.392488
13.1,-1.52454
13.133333333333333,-1.3001992
13.166666666666666,-1.1682925
13.2,-1.0552162
13.233333333333333,-1.0161798
13.266666666666667,-1.0431142
13.3,-1.0699636
13.333333333333334,-1.0934291
13.366666666666667,-1.1574664
13.4,-1.0215737
13.433333333333334,-0.8734404
13.466666666666667,-0.52171737
13.5,-0.07810996
13.533333333333333,0.4090904
13.566666666666666,0.6429319
13.6,0.59855515
13.633333333333333,0.549684
13.666666666666666,0.460726
13.7,-0.41136485
13.733333333333333,-0.5358301
13.766666666666667,-0.71060264
13.8,-0.82745224
13.833333333333334,-0.791575
13.866666666666667,
13.9,
13.933333333333334,
13.966666666666667,
14.0,
14.033333333333333,
14.066666666666666,
14.1,
14.133333333333333,
14.166666666666666,
14.2,-0.19931212
14.233333333333333,-0.13205549
14.266666666666667,-0.05654154
14.3,0.04486968
14.333333333333334,0.13501616
14.366666666666667,0.22840081
14.4,0.30759975
14.433333333333334,0.39394325
14.466666666666667,0.44715452
14.5,0.50315255
14.533333333333333,0.5426684
14.566666666666666,0.5463606
14.6,0.5160881
14.633333333333333,0.46717754
14.666666666666666,0.417882
14.7,0.38214916
14.733333333333333,0.35657075
14.766666666666667,0.328438
14.8,0.2809633
14.833333333333334,0.20307116
14.866666666666667,
14.9,
14.933333333333334,
14.966666666666667,
15.0,
15.033333333333333,
15.066666666666666,
15.1,
15.133333333333333,
15.166666666666666,
15.2,0.11327276
15.233333333333333,0.16637811
15.266666666666667,0.12082881
15.3,0.100502335
15.333333333333334,0.13653241
15.366666666666667,0.14563955
15.4,0.118562125
15.433333333333334,0.12838095
15.466666666666667,0.066604055
15.5,0.08406653
15.533333333333333,-0.12295945
15.566666666666666,-0.20590736
15.6,-0.33263734
15.633333333333333,-0.109168604
15.666666666666666,0.21643715
15.7,0.20994516
15.733333333333333,0.057475522
15.766666666666667,0.1842046
15.8,0.7615062
15.833333333333334,1.5716223
15.866666666666667,2.331478
15.9,2.8476744
15.933333333333334,3.436098
15.966666666666667,3.68927
16.0,3.342542
16.033333333333335,3.2720065
16.066666666666666,3.2304437
16.1,2.7237763
16.133333333333333,1.9088426
16.166666666666668,0.9521913
16.2,0.4522519
16.233333333333334,-0.5458819
16.266666666666666,-0.9705981
16.3,-1.3465316
16.333333333333332,-1.2498624
16.366666666666667,-1.1399329
16.4,-0.8919301
16.433333333333334,-0.58213365
16.466666666666665,-0.2670305
16.5,0.05369027
16.533333333333335,0.1638103
16.566666666666666,0.0
16.6,0.0
16.633333333333333,0.0
16.666666666666668,0.0
16.7,0.0
16.733333333333334,0.0
16.766666666666666,0.0
16.8,0.0
16.833333333333332,0.0
16.866666666666667,0.0
16.9,0.0
16.933333333333334,0.0
16.966666666666665,0.0
17.0,0.0
17.033333333333335,0.0
17.066666666666666,0.0
17.1,0.0
17.133333333333333,0.0
17.166666666666668,0.0
17.2,0.0
17.233333333333334,0.0
17.266666666666666,0.0
17.3,0.0
17.333333333333332,0.0
17.366666666666667,0.0
17.4,0.0
17.433333333333334,0.0
17.466666666666665,0.0
17.5,0.0
17.533333333333335,0.0
17.566666666666666,0.0
17.6,0.0
17.633333333333333,0.0
17.666666666666668,0.0
17.7,0.0
17.733333333333334,0.14064494
17.766666666666666,0.046212867
17.8,-0.20254128
17.833333333333332,-0.500494
17.866666666666667,-0.80435854
17.9,-1.0056456
17.933333333333334,-1.3547626
17.966666666666665,-1.9181702
18.0,-2.4076371
18.033333333333335,-2.8352277
18.066666666666666,-3.147781
18.1,-2.8120093
18.133333333333333,-2.4675844
18.166666666666668,-1.9733549
18.2,-1.173707
18.233333333333334,-0.5229417
18.266666666666666,0.5137434
18.3,1.4181505
18.333333333333332,2.0261188
18.366666666666667,2.4288657
18.4,2.5238569
18.433333333333334,2.286435
18.466666666666665,2.1899536
18.5,1.991549
18.533333333333335,1.3325453
18.566666666666666,0.89305705
18.6,0.63397914
18.633333333333333,0.59927267
18.666666666666668,0.8222851
18.7,1.1073399
18.733333333333334,1.3408554
18.766666666666666,1.3920283
18.8,1.3141394
18.833333333333332,1.3141394
18.866666666666667,1.4724095
18.9,1.3662695
18.933333333333334,1.0842853
18.966666666666665,0.7294958
19.0,0.39251325
19.033333333333335,0.13235137
19.066666666666666,-0.026804946
19.1,-0.07819766
19.133333333333333,0.0
19.166666666666668,0.0
19.2,0.19089562
19.233333333333334,0.06073541
19.266666666666666,-0.2444709
19.3,-0.53965783
19.333333333333332,-0.71484274
19.366666666666667,-0.6941613
19.4,-0.6941613
19.433333333333334,-0.71484274
19.466666666666665,-0.53965783
19.5,-0.2444709
19.533333333333335,-0.13016026
19.566666666666666,0.13016026
19.6,0.2444709
19.633333333333333,0.53965783
19.666666666666668,0.71484274
19.7,0.6941613
19.733333333333334,0.87014055
19.766666666666666,0.771084
19.8,0.2827466
19.833333333333332,-0.2832508
19.866666666666667,-0.72081864
19.9,-0.84483564
19.933333333333334,-0.591426
19.966666666666665,-0.55706745
20.0,-0.5927417
20.033333333333335,-0.5866823
20.066666666666666,-0.7594926
20.1,-0.6563201
20.133333333333333,-0.36551052
20.166666666666668,-0.14061216
20.2,0.13238294
20.233333333333334,0.09667738
20.266666666666666,0.016325003
20.3,-0.048273593
20.333333333333332,-0.037253555
20.366666666666667,0.05782409
20.4,0.08924961
20.433333333333334,0.11681935
20.466666666666665,0.089130394
20.5,0.07123186
20.533333333333335,0.07449913
20.566666666666666,0.07502943
20.6,0.07796605
20.633333333333333,0.08610408
20.666666666666668,0.07840424
20.7,0.05371277
20.733333333333334,0.04457448
20.766666666666666,-0.012139028
20.8,-0.0537703
20.833333333333332,-0.051573876
20.866666666666667,0.10694034
20.9,0.4007478
20.933333333333334,0.70547867
20.966666666666665,0.8351927
21.0,0.6448193
21.033333333333335,0.6448193
21.066666666666666,0.59177405
21.1,0.6287429
21.133333333333333,0.6983511
21.166666666666668,0.695591
21.2,0.5385313
21.233333333333334,0.244204
21.266666666666666,-0.060684603
21.3,-0.15825959
21.333333333333332,0.043148745
21.366666666666667,-0.006160418
21.4,-0.13801219
21.433333333333334,-0.40813437
21.466666666666665,-0.6783613
21.5,-0.9486035
21.533333333333335,-1.2188509
21.566666666666666,-1.4891005
21.6,
21.633333333333333,
21.666666666666668,
21.7,
21.733333333333334,
21.766666666666666,
21.8,
21.833333333333332,
21.866666666666667,
21.9,
21.933333333333334,
21.966666666666665,
22.0,
22.033333333333335,
22.066666666666666,
22.1,
22.133333333333333,
22.166666666666668,1.8263911
22.2,2.3848765
22.233333333333334,2.4490676
22.266666666666666,2.8124156
22.3,3.0531764
22.333333333333332,3.1395302
22.366666666666667,2.7210526
22.4,2.067819
22.433333333333334,1.415973
22.466666666666665,0.8097286
22.5,0.38162875
22.533333333333335,-0.48574919
22.566666666666666,0.5370207
22.6,0.4603855
22.633333333333333,-0.4284836
22.666666666666668,-0.46095714
22.7,-0.59919953
22.733333333333334,-0.8695128
22.766666666666666,-1.1083292
22.8,-0.8353808
22.833333333333332,-0.3829408
22.866666666666667,0.50270206
22.9,0.74618757
22.933333333333334,0.78519326
22.966666666666665,0.89784986
23.0,0.9572109
23.033333333333335,0.9712969
23.066666666666666,0.92866176
23.1,0.8324451
23.133333333333333,0.5165053
23.166666666666668,0.29146487
23.2,-0.74812424
23.233333333333334,-1.1062837
23.266666666666666,-1.1381701
23.3,-1.0788232
23.333333333333332,-0.898282
23.366666666666667,-0.58021986
23.4,-0.16856672
23.433333333333334,0.04279423
23.466666666666665,-0.1306161
23.5,-0.3925451
23.533333333333335,-0.40153572
23.566666666666666,-0.230124
23.6,-0.39335993
23.633333333333333,-0.51189154
23.666666666666668,-0.36645585
23.7,-0.22929664
23.733333333333334,-0.13098487
23.766666666666666,-0.17754002
23.8,-0.2268214
23.833333333333332,0.0865141
23.866666666666667,0.2843311
23.9,0.6325289
23.933333333333334,1.051031
23.966666666666665,1.1781082
24.0,0.8799371
24.033333333333335,0.7891097
24.066666666666666,-0.8818358
24.1,-0.98957413
24.133333333333333,-1.0008402
24.166666666666668,-0.93015146
24.2,-0.85866976
24.233333333333334,-0.97957087
24.266666666666666,-1.2400738
24.3,-1.3126308
24.333333333333332,-0.8923806
24.366666666666667,-0.75758344
24.4,
24.433333333333334,
24.466666666666665,
24.5,
24.533333333333335,
24.6,
24.633333333333333,
24.666666666666668,
24.7,
24.733333333333334,
25.433333333333334,
25.466666666666665,
25.5,
25.533333333333335,
25.566666666666666,
25.6,1.2702273
25.633333333333333,1.2503487
25.666666666666668,1.043948
25.7,0.9005741
25.733333333333334,1.0031316
25.766666666666666,1.1800768
25.8,1.2086954
25.833333333333332,0.85154754
25.866666666666667,
25.9,
25.933333333333334,
25.966666666666665,
26.0,
26.033333333333335,
26.066666666666666,
26.1,
26.133333333333333,
26.166666666666668,
26.2,0.31564313
26.233333333333334,0.84697694
26.266666666666666,1.3072501
26.3,1.5164101
26.333333333333332,1.4110082
26.366666666666667,1.0411453
26.4,0.6020209
26.433333333333334,0.13367638
26.466666666666665,
26.5,
26.533333333333335,
26.566666666666666,
26.6,
27.966666666666665,
28.0,
28.033333333333335,
28.066666666666666,
28.1,
28.133333333333333,0.2482346
28.166666666666668,0.28473672
28.2,0.32142672
28.233333333333334,-0.29046008
28.266666666666666,-0.27975118
28.3,0.46406844
28.333333333333332,
28.366666666666667,
28.4,
28.433333333333334,
28.466666666666665,
28.5,
28.533333333333335,
28.566666666666666,
28.6,
28.633333333333333,
28.666666666666668,
28.7,
28.733333333333334,
28.766666666666666,
28.8,
28.833333333333332,
28.866666666666667,0.91194427
28.9,1.2190591
28.933333333333334,1.5619466
28.966666666666665,1.9173244
29.0,2.2155302
29.033333333333335,2.563389
29.066666666666666,3.475946
29.1,3.8653862
29.133333333333333,3.8348594
29.166666666666668,3.5070207
29.2,3.0427644
29.233333333333334,2.2836978
29.266666666666666,1.528617
29.3,1.0183154
29.333333333333332,1.0264165
29.366666666666667,
29.4,
29.433333333333334,
29.466666666666665,
29.5,
29.566666666666666,
29.6,
29.633333333333333,
29.666666666666668,
29.7,
29.733333333333334,0.15090242
29.766666666666666,-0.3084409
29.8,-0.8783255
29.833333333333332,-1.3401246
29.866666666666667,-1.5808194
29.9,-1.5863047
29.933333333333334,-1.5504164
29.966666666666665,-1.502937
30.0,
30.033333333333335,
30.066666666666666,
30.1,
30.133333333333333,
30.2,
30.233333333333334,
30.266666666666666,
30.3,
30.333333333333332,
30.366666666666667,-2.0680978
30.4,-2.8066802
30.433333333333334,-2.3860416
30.466666666666665,-1.3662289
30.5,
30.533333333333335,
30.566666666666666,
30.6,
30.633333333333333,
31.333333333333332,
31.366666666666667,
31.4,
31.433333333333334,
31.466666666666665,
31.5,
31.533333333333335,
31.566666666666666,
31.6,
31.633333333333333,
31.666666666666668,
32.166666666666664,
32.2,
32.233333333333334,
32.3,
32.333333333333336,
32.36666666666667,
32.4,
32.43333333333333,
32.46666666666667,2.9551187
32.5,2.0700269
32.53333333333333,0.9964492
32.56666666666667,0.32351038
32.6,-0.5435982
32.63333333333333,-1.3085052
32.666666666666664,-1.5563033
32.7,-1.4528143
32.733333333333334,-1.5051949
32.766666666666666,-1.4337795
32.8,-1.1997284
32.833333333333336,-1.2440574
32.86666666666667,-1.2881424
32.9,-1.1606523
32.93333333333333,-0.45418435
32.96666666666667,0.8794478
33.0,1.7846892
33.03333333333333,2.4478369
33.06666666666667,2.799898
33.1,2.9896348
33.13333333333333,3.0122986
33.166666666666664,3.0268464
33.2,2.7741816
33.233333333333334,2.45414
33.266666666666666,1.6833748
33.3,0.67305803
33.333333333333336,-0.4559643
33.36666666666667,-1.2233189
33.4,-1.8677542
33.43333333333333,-2.1903353
33.46666666666667,-2.0395257
33.5,-1.5907449
33.53333333333333,
33.56666666666667,
33.6,
33.63333333333333,
33.666666666666664,
33.733333333333334,
33.766666666666666,
33.8,
33.833333333333336,
34.43333333333333,
34.46666666666667,
34.5,
34.53333333333333,
34.56666666666667,
34.6,-0.28720927
34.63333333333333,-0.47672373
34.666666666666664,-0.48292148
34.7,-0.35747814
34.733333333333334,-0.20804644
34.766666666666666,-0.15261938
34.8,0.18465208
34.833333333333336,0.114661604
34.86666666666667,-0.27839947
34.9,-0.57973176
34.93333333333333,-0.568162
34.96666666666667,-0.3346848
35.0,-0.17149918
35.03333333333333,-0.1467339
35.06666666666667,-0.13885118
35.1,0.24178106
35.13333333333333,0.22381543
35.166666666666664,0.2181163
35.2,
35.233333333333334,
35.266666666666666,
35.3,
35.333333333333336,
35.4,
35.43333333333333,
35.46666666666667,
35.5,
35.53333333333333,
35.56666666666667,
35.6,
35.63333333333333,
35.666666666666664,
35.7,
35.733333333333334,
35.766666666666666,
35.8,
35.833333333333336,
35.86666666666667,
35.9,
35.93333333333333,
35.96666666666667,
36.0,
36.03333333333333,-0.021078438
36.06666666666667,0.012130687
36.1,0.03082745
36.13333333333333,0.04029287
36.166666666666664,0.043156277
36.2,0.04029287
36.233333333333334,0.015405329
36.266666666666666,0.006192396
36.3,0.009617869
36.333333333333336,0.054640505
36.36666666666667,-0.13780764
36.4,-0.101332895
36.43333333333333,0.17138825
36.46666666666667,0.43576837
36.5,0.57430047
36.53333333333333,0.4778827
36.56666666666667,0.3505787
36.6,-0.35019848
36.63333333333333,-0.3495925
36.666666666666664,-0.2604689
36.7,0.52885896
36.733333333333334,0.65352446
36.766666666666666,0.49879804
36.8,-0.700328
36.833333333333336,-1.6670948
36.86666666666667,
36.9,
36.93333333333333,
36.96666666666667,
37.0,
37.333333333333336,
37.36666666666667,
37.4,
37.43333333333333,
37.46666666666667,
37.5,-0.39984545
37.53333333333333,-1.2447277
37.56666666666667,-1.9667324
37.6,-2.1271877
37.63333333333333,
37.666666666666664,
37.7,
37.733333333333334,
37.766666666666666,
37.93333333333333,
37.96666666666667,
38.0,
38.03333333333333,
38.06666666666667,
38.1,1.2813636
38.13333333333333,0.7209112
38.166666666666664,0.2378605
38.2,0.005051959
38.233333333333334,-0.19768998
38.266666666666666,-0.44580844
38.3,-0.4918552
38.333333333333336,-0.38696373
38.36666666666667,0.3936493
38.4,0.5948373
38.43333333333333,0.6174322
38.46666666666667,0.7697197
38.5,0.75564134
38.53333333333333,0.39767116
38.56666666666667,0.17822316
38.6,0.54951876
38.63333333333333,1.6633575
38.666666666666664,3.4759004
38.7,5.9430604
38.733333333333334,8.753836
38.766666666666666,11.299167
38.8,11.9075165
38.833333333333336,12.06361
38.86666666666667,12.35173
38.9,12.654308
38.93333333333333,12.485758
38.96666666666667,11.510874
39.0,9.630636
39.03333333333333,7.0927086
39.06666666666667,4.0596175
39.1,1.3101228
39.13333333333333,0.52913845
39.166666666666664,-0.23832667
39.2,-0.8591378
39.233333333333334,-1.8356314
39.266666666666666,-2.7234628
39.3,-3.198238
39.333333333333336,-3.6247652
39.36666666666667,-3.8594327
39.4,-3.5970788
39.43333333333333,-3.4372785
39.46666666666667,-3.2791936
39.5,-2.7425318
39.53333333333333,-1.95513
39.56666666666667,-1.1249058
39.6,-0.48630753
39.63333333333333,-0.2310805
39.666666666666664,0.06931842
39.7,0.16260967
39.733333333333334,0.20470579
39.766666666666666,0.0917586
39.8,-0.29473165
39.833333333333336,-0.9616615
39.86666666666667,-1.8990024
39.9,-2.9683673
39.93333333333333,-3.84386
39.96666666666667,-4.2914953
40.0,-3.6731784
40.03333333333333,-3.449653
40.06666666666667,-3.4799814
40.1,-3.295523
40.13333333333333,-3.1830559
40.166666666666664,-2.1165895
40.2,-0.61523837
40.233333333333334,0.79059935
40.266666666666666,0.7911263
40.3,-0.38971254
40.333333333333336,-2.3861692
40.36666666666667,-3.0921807
40.4,-2.3834367
40.43333333333333,-1.7790877
40.46666666666667,-1.5310496
40.5,-3.3472672
40.53333333333333,
40.56666666666667,
40.6,
40.63333333333333,
40.666666666666664,
41.36666666666667,
41.4,
41.43333333333333,
41.46666666666667,
41.5,
41.53333333333333,
41.56666666666667,
41.6,
41.63333333333333,
41.666666666666664,
41.7,
41.733333333333334,
41.766666666666666,
41.8,
41.833333333333336,
41.86666666666667,
42.333333333333336,
42.36666666666667,
42.4,
42.43333333333333,
42.46666666666667,
42.5,
42.53333333333333,
42.56666666666667,
42.6,
42.63333333333333,
42.666666666666664,
42.7,
42.733333333333334,
42.766666666666666,
42.8,
42.833333333333336,
42.86666666666667,
42.9,
42.93333333333333,
42.96666666666667,
43.0,
43.03333333333333,
43.06666666666667,
43.1,
43.13333333333333,
43.166666666666664,
43.2,
43.233333333333334,
43.266666666666666,
43.3,
43.333333333333336,
43.36666666666667,
43.4,
43.43333333333333,
43.46666666666667,
43.5,
43.53333333333333,
43.56666666666667,
43.6,
43.63333333333333,
43.666666666666664,
43.7,
43.733333333333334,
43.766666666666666,
43.8,
43.833333333333336,
43.86666666666667,
43.9,
43.93333333333333,
43.96666666666667,
44.0,
44.03333333333333,
44.06666666666667,
44.1,
44.13333333333333,
44.166666666666664,
44.2,
44.233333333333334,
44.266666666666666,
44.3,
44.333333333333336,
44.36666666666667,
44.4,
44.43333333333333,
44.46666666666667,
44.5,
44.53333333333333,
44.56666666666667,
44.6,
44.63333333333333,
44.666666666666664,
44.7,0.93255687
44.733333333333334,0.6062617
44.766666666666666,0.22565974
44.8,0.10371178
44.833333333333336,0.13025735
44.86666666666667,0.17763044
44.9,-0.4007851
44.93333333333333,-0.6242908
44.96666666666667,-0.8602403
45.0,-0.7570722
45.03333333333333,-0.5567475
45.06666666666667,-0.19850928
45.1,0.176789
45.13333333333333,0.23888062
45.166666666666664,-0.056796037
45.2,-0.19520853
45.233333333333334,-0.18535936
45.266666666666666,-0.18181589
45.3,0.2347418
45.333333333333336,-0.30575112
45.36666666666667,-0.36019737
45.4,-0.4273733
45.43333333333333,-0.3958745
45.46666666666667,-0.3597515
45.5,0.28151315
45.53333333333333,0.26540917
45.56666666666667,0.3953982
45.6,0.2239075
45.63333333333333,0.1005268
45.666666666666664,-0.024598308
45.7,-0.07623525
45.733333333333334,-0.048373904
45.766666666666666,-0.016481105
45.8,0.08012228
45.833333333333336,0.23493844
45.86666666666667,0.4370738
45.9,0.653818
45.93333333333333,0.8284306
45.96666666666667,0.8946875
46.0,0.79600495
46.03333333333333,0.79600495
46.06666666666667,0.8951324
46.1,0.8624786
46.13333333333333,0.6712036
46.166666666666664,0.31001374
46.2,-0.33692494
46.233333333333334,-1.1199502
46.266666666666666,-1.8838913
46.3,-2.5475936
46.333333333333336,-3.0563984
46.36666666666667,-3.657892
46.4,
46.43333333333333,
46.46666666666667,
46.5,
46.53333333333333,
46.56666666666667,
46.6,
46.63333333333333,
46.666666666666664,
46.7,
46.733333333333334,
46.766666666666666,
46.8,
46.833333333333336,
46.86666666666667,-3.0206978
46.9,-2.4286408
46.93333333333333,-1.8115267
46.96666666666667,-1.155178
47.0,-0.47016567
47.03333333333333,0.21084143
47.06666666666667,0.37179133
47.1,0.19527988
47.13333333333333,0.07671362
47.166666666666664,0.22061649
47.2,0.6362775
47.233333333333334,1.1058928
47.266666666666666,1.550719
47.3,1.9567838
47.333333333333336,2.3346367
47.36666666666667,2.7173252
47.4,
47.43333333333333,
47.46666666666667,
47.5,
47.53333333333333,
47.56666666666667,
47.6,
47.63333333333333,
47.666666666666664,
47.7,
47.733333333333334,
47.766666666666666,
47.8,
47.833333333333336,
48.4,
48.43333333333333,
48.46666666666667,
48.5,
48.53333333333333,
48.56666666666667,-1.257075
48.6,-1.448659
48.63333333333333,-1.4226991
48.666666666666664,-1.4577855
48.7,-1.5026306
48.733333333333334,-1.6435938
48.766666666666666,-1.9901167
48.8,-2.2182975
48.833333333333336,-2.2751374
48.86666666666667,-2.1197312
48.9,-1.820284
48.93333333333333,-1.6842742
48.96666666666667,-1.604587
49.0,-1.4038676
49.03333333333333,-1.1920607
49.06666666666667,-0.98396
49.1,
49.13333333333333,
49.166666666666664,
49.2,
49.233333333333334,
49.3,
49.333333333333336,
49.36666666666667,
49.4,
49.43333333333333,
49.46666666666667,
49.5,
49.53333333333333,
49.56666666666667,
49.6,
49.63333333333333,
49.666666666666664,
49.7,
49.733333333333334,
49.766666666666666,
49.8,
49.833333333333336,
49.86666666666667,
49.9,
49.93333333333333,
49.96666666666667,
50.0,
50.03333333333333,
50.06666666666667,
50.1,
50.13333333333333,
50.166666666666664,
50.2,
50.233333333333334,
50.266666666666666,
50.3,
50.333333333333336,
50.36666666666667,
50.4,
50.43333333333333,
50.46666666666667,
50.5,
50.53333333333333,
50.56666666666667,
50.6,
50.63333333333333,
50.666666666666664,
50.7,
51.166666666666664,
51.2,
51.233333333333334,
51.266666666666666,
51.3,
51.333333333333336,
51.36666666666667,
51.4,
51.7,
51.733333333333334,
51.766666666666666,
52.5,
52.53333333333333,
52.56666666666667,
52.6,
52.63333333333333,
52.666666666666664,0.7674284
52.7,-0.6310539
52.733333333333334,-0.45261347
52.766666666666666,
52.8,
52.833333333333336,
52.86666666666667,
52.9,
52.96666666666667,
53.0,
53.03333333333333,
53.06666666666667,
53.1,
53.13333333333333,
53.166666666666664,
53.2,
53.233333333333334,
53.266666666666666,
53.3,
53.333333333333336,
53.36666666666667,
53.4,
53.43333333333333,
53.46666666666667,
53.5,
53.53333333333333,
53.56666666666667,
53.6,
53.63333333333333,
53.666666666666664,
53.7,
53.733333333333334,
53.766666666666666,
53.8,
53.833333333333336,
53.86666666666667,
53.9,
53.93333333333333,
53.96666666666667,
54.1,
54.13333333333333,
54.166666666666664,
54.2,
54.233333333333334,
54.266666666666666,-0.042203404
54.3,-0.14121884
54.333333333333336,-0.119488634
54.36666666666667,0.0891705
54.4,0.18503557
54.43333333333333,0.14569838
54.46666666666667,0.13851807
54.5,0.13627172
54.53333333333333,0.13033491
54.56666666666667,0.1273227
54.6,0.18296023
54.63333333333333,0.12478111
54.666666666666664,-0.024508344
54.7,-0.0982105
54.733333333333334,-0.4462702
54.766666666666666,-0.202614
54.8,0.31846315
54.833333333333336,0.869197
54.86666666666667,1.2695297
54.9,1.6159315
54.93333333333333,1.7076185
54.96666666666667,1.7475808
55.0,1.6517638
55.03333333333333,1.7158722
55.06666666666667,1.9874334
55.1,1.7828805
55.13333333333333,1.2873886
55.166666666666664,0.7336308
55.2,
55.233333333333334,
55.266666666666666,
55.3,
55.333333333333336,
55.36666666666667,
55.4,
55.43333333333333,
55.46666666666667,
55.5,
55.53333333333333,
55.56666666666667,
55.6,
55.63333333333333,
55.666666666666664,
55.7,
55.733333333333334,
55.766666666666666,
55.8,
55.833333333333336,
55.86666666666667,
55.9,
55.93333333333333,
55.96666666666667,
56.0,
56.03333333333333,
56.06666666666667,
56.1,
56.13333333333333,
56.166666666666664,
56.2,
56.233333333333334,
56.266666666666666,
56.3,
56.333333333333336,
56.36666666666667,
56.43333333333333,
56.46666666666667,
56.5,
56.53333333333333,
56.56666666666667,
56.6,
56.63333333333333,
56.666666666666664,
56.7,
56.733333333333334,
56.766666666666666,
56.8,
56.833333333333336,
56.86666666666667,
56.9,
56.93333333333333,
56.96666666666667,
57.0,
57.03333333333333,
57.06666666666667,0.0
57.1,0.0
57.13333333333333,0.0
57.166666666666664,-0.013658414
57.2,-0.01823129
57.233333333333334,0.0025782802
57.266666666666666,0.058345743
57.3,0.18294513
57.333333333333336,0.30754706
57.36666666666667,0.43214938
57.4,0.5567518
57.43333333333333,0.6813542
57.46666666666667,
57.5,
57.53333333333333,
57.56666666666667,
57.6,
57.63333333333333,
57.666666666666664,
57.7,
57.733333333333334,
57.766666666666666,
57.8,
57.833333333333336,
57.86666666666667,
57.9,
57.93333333333333,
57.96666666666667,
58.0,
58.03333333333333,
58.06666666666667,
58.1,
58.13333333333333,
58.166666666666664,
58.2,0.6758109
58.233333333333334,
58.266666666666666,
58.3,
58.333333333333336,
58.36666666666667,
58.4,
58.43333333333333,
58.46666666666667,
58.5,
58.53333333333333,
58.56666666666667,
58.6,-0.27034086
58.63333333333333,-0.26865053
58.666666666666664,
58.7,
58.733333333333334,
58.766666666666666,
58.8,
58.833333333333336,
58.86666666666667,
58.9,
58.93333333333333,
58.96666666666667,
59.0,
59.03333333333333,
59.06666666666667,
59.1,
59.13333333333333,
59.166666666666664,
59.36666666666667,
59.4,
59.43333333333333,
59.46666666666667,
59.5,
59.53333333333333,
59.56666666666667,
59.6,
59.63333333333333,
59.666666666666664,
59.7,
59.733333333333334,
59.766666666666666,
59.8,
59.833333333333336,
59.86666666666667,
59.9,
59.93333333333333,
59.96666666666667,
60.0,
60.03333333333333,
60.06666666666667,
60.1,
60.13333333333333,
60.166666666666664,
60.2,
60.233333333333334,
60.266666666666666,
60.3,
60.333333333333336,
60.36666666666667,
60.4,
60.43333333333333,-7.1068883
60.46666666666667,-7.0258145
60.5,-6.7836833
60.53333333333333,-6.7836833
60.56666666666667,-6.7836833
60.6,-6.7836833
60.63333333333333,-4.280468
60.666666666666664,-2.2156732
60.7,-0.81792057
60.733333333333334,-0.09281928
60.766666666666666,0.22335425
60.8,0.1687544
60.833333333333336,-0.36367667
60.86666666666667,-0.46794507
60.9,-0.5722169
60.93333333333333,
60.96666666666667,
61.0,
61.03333333333333,
61.06666666666667,
61.1,
61.13333333333333,
61.166666666666664,
61.2,
61.233333333333334,
61.266666666666666,0.07051538
61.3,0.6437169
61.333333333333336,1.1612049
61.36666666666667,1.5752517
61.4,1.6644005
61.43333333333333,1.6584991
61.46666666666667,1.5379359
61.5,1.6945741
61.53333333333333,1.6061026
61.56666666666667,1.1587551
61.6,0.56066805
61.63333333333333,0.05991739
61.666666666666664,-0.6080379
61.7,-0.81736654
61.733333333333334,-0.9156869
61.766666666666666,-0.7490873
61.8,-0.47862288
61.833333333333336,-0.28750584
61.86666666666667,0.3102615
61.9,0.6463517
61.93333333333333,0.75347185
61.96666666666667,0.69894314
62.0,0.77375436
62.03333333333333,0.60161555
62.06666666666667,0.66732496
62.1,0.6012994
62.13333333333333,0.4401795
62.166666666666664,0.38201493
62.2,
62.233333333333334,
62.266666666666666,
62.3,
62.333333333333336,
62.4,
62.43333333333333,
62.46666666666667,
62.5,
62.53333333333333,
62.56666666666667,-0.10905078
62.6,
62.63333333333333,
62.666666666666664,
62.7,
62.733333333333334,
62.766666666666666,
62.8,
62.833333333333336,
62.86666666666667,
62.9,
62.93333333333333,
62.96666666666667,-1.6393446
63.0,-1.4502232
63.03333333333333,-1.9136295
63.06666666666667,-2.2612123
63.1,-2.5070717
63.13333333333333,-2.6546917
63.166666666666664,-3.8269527
63.2,-3.8206453
63.233333333333334,-2.6500216
63.266666666666666,-1.3218404
63.3,-0.5609314
63.333333333333336,-0.8048899
63.36666666666667,-0.42638856
63.4,-0.16566841
63.43333333333333,-0.007448939
63.46666666666667,0.052026812
63.5,0.03901434
63.53333333333333,
63.56666666666667,
63.6,
63.63333333333333,
63.666666666666664,
63.7,
63.733333333333334,
63.766666666666666,
63.8,
63.833333333333336,
63.86666666666667,
63.9,
63.93333333333333,
63.96666666666667,
64.03333333333333,
64.06666666666666,
64.1,
64.13333333333334,
64.6,
64.63333333333334,
64.66666666666667,
64.7,
64.73333333333333,
66.4,
66.43333333333334,
66.46666666666667,
66.5,
66.53333333333333,
66.66666666666667,
66.7,
66.73333333333333,
66.76666666666667,
66.8,
66.83333333333333,-1.5559653
66.86666666666666,-1.8114688
66.9,-1.9180182
66.93333333333334,-1.692886
66.96666666666667,-1.2828435
67.0,-0.45130378
67.03333333333333,0.38342127
67.06666666666666,0.51567405
67.1,0.24101995
67.13333333333334,-0.7098682
67.16666666666667,-1.1952873
67.2,-1.6416267
67.23333333333333,-2.0703206
67.26666666666667,-2.5212626
67.3,-2.498371
67.33333333333333,-2.060949
67.36666666666666,-1.898118
67.4,-1.7895089
67.43333333333334,-1.4430733
67.46666666666667,-0.9610271
67.5,-0.8578591
67.53333333333333,-1.1045254
67.56666666666666,-0.98162425
67.6,-0.9203395
67.63333333333334,-0.87901443
67.66666666666667,-1.4539382
67.7,-1.891003
67.73333333333333,-2.0485833
67.76666666666667,-2.1998515
67.8,-2.315032
67.83333333333333,
67.86666666666666,
67.9,
67.93333333333334,
67.96666666666667,
68.3,
68.33333333333333,
68.36666666666666,
68.4,
68.43333333333334,
68.46666666666667,-0.5949265
68.5,-0.93920225
68.53333333333333,-0.74349433
68.56666666666666,-0.10643429
68.6,0.35008523
68.63333333333334,0.46081945
68.66666666666667,0.30296138
68.7,-0.31826168
68.73333333333333,-0.48297536
68.76666666666667,-0.46104944
68.8,0.5038001
68.83333333333333,0.7867908
68.86666666666666,0.69311464
68.9,-0.3401005
68.93333333333334,-0.69127053
68.96666666666667,-1.0348183
69.0,-1.0636451
69.03333333333333,-0.9100954
69.06666666666666,-0.6587964
69.1,-0.60690796
69.13333333333334,-0.6118707
69.16666666666667,-0.6645326
69.2,-0.7078011
69.23333333333333,-0.6461035
69.26666666666667,-0.4357464
69.3,-0.17527632
69.33333333333333,-0.034094784
69.36666666666666,0.024100102
69.4,0.048062008
69.43333333333334,0.10254723
69.46666666666667,0.26515615
69.5,0.32768053
69.53333333333333,0.2344944
69.56666666666666,-0.20707543
69.6,-0.3251809
69.63333333333334,-0.43313065
69.66666666666667,-0.48689434
69.7,-0.5396072
69.73333333333333,-0.64447993
69.76666666666667,-0.8035696
69.8,-1.014999
69.83333333333333,-1.1111615
69.86666666666666,-1.0088274
69.9,-0.79789674
69.93333333333334,-0.6132794
69.96666666666667,
70.0,
70.03333333333333,
70.06666666666666,
70.1,
70.26666666666667,
70.3,
70.33333333333333,
70.36666666666666,
70.4,
70.43333333333334,
70.46666666666667,
70.5,
70.53333333333333,
70.56666666666666,
70.6,
70.63333333333334,
70.66666666666667,
70.7,
70.73333333333333,
70.83333333333333,
70.86666666666666,
70.9,
70.93333333333334,
71.66666666666667,
71.7,
71.73333333333333,
71.76666666666667,
71.8,
71.83333333333333,-0.8505164
71.86666666666666,-0.5652865
71.9,0.092168525
71.93333333333334,0.7627028
71.96666666666667,1.2247335
72.0,1.4337678
72.03333333333333,1.3191799
72.06666666666666,1.2270494
72.1,1.153234
72.13333333333334,1.3658681
72.16666666666667,1.3901839
72.2,1.1272819
72.23333333333333,0.6983442
72.26666666666667,0.26384088
72.3,-0.21699558
72.33333333333333,-0.25485316
72.36666666666666,-0.3466786
72.4,-0.32124925
72.43333333333334,0.42811033
72.46666666666667,0.66673714
72.5,0.9139986
72.53333333333333,1.0938369
72.56666666666666,1.4246075
72.6,1.7413884
72.63333333333334,1.8313633
72.66666666666667,1.9526448
72.7,2.087999
72.73333333333333,1.9324312
72.76666666666667,1.690407
72.8,1.1534724
72.83333333333333,0.6439068
72.86666666666666,0.29627928
72.9,-0.17649367
72.93333333333334,-0.39778784
72.96666666666667,-0.2254624
73.0,-0.081636265
73.03333333333333,-0.11075705
73.06666666666666,-0.15485653
73.1,-0.26548213
73.13333333333334,-0.15814202
73.16666666666667,-0.15050776
73.2,-0.3152628
73.23333333333333,-0.33719203
73.26666666666667,-0.42169043
73.3,-0.6783727
73.33333333333333,-0.8834039
73.36666666666666,-0.90890604
73.4,-0.85210884
73.43333333333334,-0.68133295
73.46666666666667,-0.6051616
73.5,-0.43823725
73.53333333333333,-0.14666203
73.56666666666666,-0.06475952
73.6,0.03649782
73.63333333333334,0.102564074
73.66666666666667,0.07143729
73.7,0.1380193
73.73333333333333,-0.31703022
73.76666666666667,-0.14947851
73.8,0.56827444
73.83333333333333,1.4022644
73.86666666666666,2.3262012
73.9,3.2508354
73.93333333333334,3.9657133
73.96666666666667,4.5174847
74.0,3.7946653
74.03333333333333,3.3571947
74.06666666666666,3.1569154
74.1,2.4857209
74.13333333333334,1.7567177
74.16666666666667,0.9222976
74.2,-0.42455554
74.23333333333333,-0.9670004
74.26666666666667,-1.6028534
74.3,-2.1522098
74.33333333333333,-1.9233414
74.36666666666666,
74.4,
74.43333333333334,
74.46666666666667,
74.5,
74.66666666666667,
74.7,
74.73333333333333,
75.3,
75.33333333333333,
75.36666666666666,
75.4,
75.43333333333334,
75.46666666666667,-2.4448755
75.5,-2.5470324
75.53333333333333,-2.342439
75.56666666666666,-2.0191612
75.6,-1.5362972
75.63333333333334,-0.99926394
75.66666666666667,-0.8214904
75.7,-0.51881015
75.73333333333333,
75.76666666666667,
75.8,
75.83333333333333,
75.86666666666666,
76.5,
76.53333333333333,
76.56666666666666,
76.6,
76.63333333333334,
76.66666666666667,
76.7,
76.73333333333333,
76.86666666666666,
76.9,
76.93333333333334,
76.96666666666667,
77.0,
77.03333333333333,-2.8929546
77.06666666666666,-3.1041896
77.1,
77.13333333333334,
77.16666666666667,
77.2,
77.23333333333333,
79.4,
79.43333333333334,
79.46666666666667,
79.5,
81.7,
81.73333333333333,
81.76666666666667,
81.8,
81.83333333333333,
81.86666666666666,
81.9,
81.93333333333334,
81.96666666666667,
82.1,
82.13333333333334,
82.16666666666667,
82.2,
82.23333333333333,
82.26666666666667,-4.1037054
82.3,-3.615814
82.33333333333333,
82.36666666666666,
82.4,
82.43333333333334,
82.46666666666667,
82.53333333333333,
82.56666666666666,
82.6,
82.63333333333334,
82.66666666666667,
82.7,
82.73333333333333,
82.76666666666667,
82.8,
84.46666666666667,
84.5,
84.53333333333333,
84.56666666666666,
84.6,
84.63333333333334,-3.8960347
84.66666666666667,-2.937938
84.7,-2.1974413
84.73333333333333,-1.4981563
84.76666666666667,-0.9190554
84.8,-0.6154743
84.83333333333333,-0.6153854
84.86666666666666,-0.8295125
84.9,-0.51965034
84.93333333333334,-0.71305114
84.96666666666667,-1.5420321
85.0,-2.6746
85.03333333333333,
85.06666666666666,
85.1,
85.13333333333334,
85.16666666666667,
85.8,
85.83333333333333,
85.86666666666666,
85.9,
85.93333333333334,
86.03333333333333,
86.06666666666666,
86.1,
86.13333333333334,
86.16666666666667,
86.2,
91.73333333333333,
91.76666666666667,
91.8,
91.83333333333333,
95.23333333333333,
95.26666666666667,
95.3,
95.33333333333333,
95.36666666666666,
95.4,-0.7615588
95.43333333333334,-0.5171517
95.46666666666667,-0.5658303
95.5,-0.65351146
95.53333333333333,
95.56666666666666,
95.6,
95.63333333333334,
95.66666666666667,
96.0,
96.03333333333333,
96.06666666666666,
96.1,
98.1,
98.13333333333334,
98.16666666666667,
98.2,
98.23333333333333,
98.26666666666667,0.42026657
98.3,0.71460253
98.33333333333333,0.9048385
98.36666666666666,1.1484814
98.4,1.7960297
98.43333333333334,
98.46666666666667,
98.5,
98.53333333333333,
98.56666666666666,
98.83333333333333,
98.86666666666666,
98.9,
98.93333333333334,
98.96666666666667,
99.0,3.8244233
99.03333333333333,2.931284
99.06666666666666,3.7403708
99.1,4.622623
99.13333333333334,4.7057543
99.16666666666667,4.4789224
99.2,3.973137
99.23333333333333,3.6354454
99.26666666666667,
99.3,
99.33333333333333,
99.36666666666666,
99.4,
100.26666666666667,
100.3,
100.33333333333333,
100.36666666666666,
100.4,
100.43333333333334,1.1336557
100.46666666666667,1.0918201
100.5,1.1406757
100.53333333333333,1.1819017
100.56666666666666,1.1571037
100.6,0.89332813
100.63333333333334,0.5693057
100.66666666666667,0.2810507
100.7,0.08538258
100.73333333333333,-0.015855776
100.76666666666667,-0.0697915
100.8,-0.048018154
100.83333333333333,-0.008169001
100.86666666666666,0.12531416
100.9,0.45993358
100.93333333333334,
100.96666666666667,
101.0,
101.03333333333333,
101.06666666666666,
103.33333333333333,
103.36666666666666,
103.4,
103.43333333333334,
103.46666666666667,
103.5,
103.53333333333333,
103.56666666666666,
103.6,
103.63333333333334,
103.73333333333333,
103.76666666666667,
103.8,
103.83333333333333,
103.86666666666666,
103.9,0.0
103.93333333333334,0.0
103.96666666666667,-0.0036427793
104.0,-0.0048760786
104.03333333333333,0.00068447285
104.06666666666666,0.015688283
104.1,0.061520584
104.13333333333334,0.10736982
104.16666666666667,0.15322079
104.2,0.1990723
104.23333333333333,0.24492404
104.26666666666667,
104.3,
104.33333333333333,
104.36666666666666,
104.4,
104.43333333333334,
104.46666666666667,
104.5,
104.53333333333333,
104.56666666666666,
104.6,
104.63333333333334,
104.66666666666667,
104.7,
104.73333333333333,
104.76666666666667,
104.8,
104.83333333333333,
104.86666666666666,
104.9,
104.93333333333334,
104.96666666666667,
105.0,
105.03333333333333,
105.06666666666666,
105.1,
105.13333333333334,
105.16666666666667,
105.2,
105.23333333333333,
105.26666666666667,
105.3,
105.33333333333333,
105.36666666666666,0.23023525
105.4,0.18438312
105.43333333333334,0.13853098
105.46666666666667,0.09267885
105.5,0.04682672
105.53333333333333,0.0009750736
105.56666666666666,-0.0067905034
105.6,-0.005079479
105.63333333333334,0.0
105.66666666666667,0.0
105.7,0.0
105.73333333333333,0.0
105.76666666666667,0.0
105.8,0.0
105.83333333333333,0.0
105.86666666666666,0.0
105.9,0.0
105.93333333333334,-0.09787475
105.96666666666667,-0.13214016
106.0,-0.021076534
106.03333333333333,0.25179642
106.06666666666666,0.48224962
106.1,
106.13333333333334,
106.16666666666667,
106.2,
106.23333333333333,
107.9,
107.93333333333334,
107.96666666666667,
108.0,
108.03333333333333,
108.06666666666666,-1.7041236
108.1,-1.4058262
108.13333333333334,-0.6280357
108.16666666666667,
108.2,
108.23333333333333,
108.26666666666667,
108.3,
114.86666666666666,
114.9,
114.93333333333334,
114.96666666666667,
115.0,
128.93333333333334,
128.96666666666667,
129.0,
129.03333333333333,
129.06666666666666,
129.1,0.26647136
129.13333333333333,0.25989085
129.16666666666666,0.2584732
129.2,0.26078054
129.23333333333332,0.26306224
129.26666666666668,0.32171005
129.3,
129.33333333333334,
129.36666666666667,
129.4,
129.43333333333334,
151.53333333333333,
151.56666666666666,
151.6,
151.63333333333333,
151.66666666666666,
151.7,2.8500006
151.73333333333332,2.4245522
151.76666666666668,1.7745478
151.8,0.9810379
151.83333333333334,
151.86666666666667,
151.9,
151.93333333333334,
151.96666666666667,
154.66666666666666,
154.7,
154.73333333333332,
154.76666666666668,
154.8,
154.83333333333334,3.006347
154.86666666666667,2.088299
154.9,0.5982817
154.93333333333334,
154.96666666666667,
155.0,
155.03333333333333,
155.06666666666666,
158.0,
158.03333333333333,
158.06666666666666,
158.1,
158.13333333333333,
158.16666666666666,
158.2,
158.23333333333332,
158.3,
158.33333333333334,
158.36666666666667,
158.4,
158.43333333333334,
158.46666666666667,6.069242
158.5,3.3656898
158.53333333333333,1.5952429
158.56666666666666,0.8212499
158.6,-0.6121919
158.63333333333333,-0.99809223
158.66666666666666,-0.6348379
158.7,-0.6006052
158.73333333333332,-0.23524906
158.76666666666668,-0.546047
158.8,
158.83333333333334,
158.86666666666667,
158.9,
158.93333333333334,
159.16666666666666,
159.2,
159.23333333333332,
159.36666666666667,
159.4,
159.43333333333334,
159.46666666666667,
161.83333333333334,
161.86666666666667,
161.9,
161.93333333333334,
161.96666666666667,
162.0,
162.03333333333333,
162.1,
162.13333333333333,
162.16666666666666,
162.2,
162.23333333333332,
162.26666666666668,0.11887929
162.3,-0.28597197
162.33333333333334,-0.5135127
162.36666666666667,-0.7275461
162.4,-0.269288
162.43333333333334,0.12370158
162.46666666666667,-0.21249095
162.5,-0.43820313
162.53333333333333,-0.52004814
162.56666666666666,-0.59239435
162.6,-0.64311767
162.63333333333333,-1.1175343
162.66666666666666,-1.6932852
162.7,-2.0639913
162.73333333333332,-2.778753
162.76666666666668,-2.9764
162.8,
162.83333333333334,
162.86666666666667,
162.9,
162.93333333333334,
163.63333333333333,
163.66666666666666,
163.7,
163.73333333333332,
163.76666666666668,
163.8,-5.1485653
163.83333333333334,-4.6006975
163.86666666666667,-4.3540883
163.9,-4.1428733
163.93333333333334,-3.62566
163.96666666666667,-3.4026842
164.0,-3.2757301
164.03333333333333,-3.25306
164.06666666666666,-3.2019222
164.1,
164.13333333333333,
164.16666666666666,
164.2,
164.23333333333332,
164.3,
164.33333333333334,
164.36666666666667,
164.4,
164.43333333333334,
164.46666666666667,
164.5,
164.53333333333333,
164.56666666666666,
164.7,
164.73333333333332,
164.76666666666668,
164.8,
164.83333333333334,
164.86666666666667,0.5645552
164.9,0.40977666
164.93333333333334,0.40324196
164.96666666666667,0.4629056
165.0,0.5786197
165.03333333333333,0.66845906
165.06666666666666,0.8304525
165.1,0.791907
165.13333333333333,0.829169
165.16666666666666,1.262319
165.2,2.036504
165.23333333333332,3.0962145
165.26666666666668,3.6557071
165.3,3.7195969
165.33333333333334,3.7523973
165.36666666666667,3.5247176
165.4,2.997281
165.43333333333334,2.6668794
165.46666666666667,2.352591
165.5,1.8420597
165.53333333333333,0.9767969
165.56666666666666,0.04530913
165.6,-0.5429759
165.63333333333333,-0.6361711
165.66666666666666,-0.75609595
165.7,-0.5752045
165.73333333333332,-0.18951151
165.76666666666668,0.04420341
165.8,0.13546972
165.83333333333334,0.0
165.86666666666667,
165.9,
165.93333333333334,
165.96666666666667,
166.0,
166.03333333333333,
166.06666666666666,
166.1,
166.13333333333333,
166.16666666666666,
166.2,
166.23333333333332,
166.26666666666668,
166.3,
166.33333333333334,
166.36666666666667,
166.4,
166.43333333333334,
166.46666666666667,
166.5,
166.53333333333333,
166.56666666666666,
166.6,
166.63333333333333,
166.66666666666666,
166.7,
166.73333333333332,
166.76666666666668,
166.8,
166.83333333333334,
166.86666666666667,
166.9,
166.93333333333334,
166.96666666666667,
167.0,
167.03333333333333,
167.06666666666666,
167.1,
167.13333333333333,
167.16666666666666,
167.2,-1.324258
167.23333333333332,-1.6836106
167.26666666666668,-1.7013165
167.3,-1.5699856
167.33333333333334,-1.3131039
167.36666666666667,-0.98982555
167.4,-0.55485564
167.43333333333334,-0.09642293
167.46666666666667,0.2512072
167.5,0.28817683
167.53333333333333,-0.09931793
167.56666666666666,0.0
167.6,0.0
167.63333333333333,0.0
167.66666666666666,0.0
167.7,0.0
167.73333333333332,-0.12971553
167.76666666666668,-0.043088198
167.8,0.19521552
167.83333333333334,0.51654005
167.86666666666667,0.8532076
167.9,1.14707
167.93333333333334,1.3512466
167.96666666666667,1.4230125
168.0,1.3150947
168.03333333333333,1.3150947
168.06666666666666,1.4446702
168.1,1.3581383
168.13333333333333,1.1200172
168.16666666666666,0.7987921
168.2,0.4621101
168.23333333333332,0.16813314
168.26666666666668,-0.03618138
168.3,-0.10800974
168.33333333333334,-0.024020009
168.36666666666667,-0.007470341
168.4,0.027870843
168.43333333333334,0.05856655
168.46666666666667,-0.10141139
168.5,-0.1807237
168.53333333333333,-0.26036873
168.56666666666666,-0.2990372
168.6,-0.25200018
168.63333333333333,-0.24878372
168.66666666666666,-0.24480097
168.7,-0.21336207
168.73333333333332,-0.17578322
168.76666666666668,0.17750494
168.8,0.4831225
168.83333333333334,1.2675047
168.86666666666667,
168.9,
168.93333333333334,
168.96666666666667,
169.0,
170.16666666666666,
170.2,
170.23333333333332,
170.26666666666668,
170.3,
170.33333333333334,0.93098927
170.36666666666667,1.2856015
170.4,1.4084531
170.43333333333334,1.1692121
170.46666666666667,
170.5,
170.53333333333333,
170.56666666666666,
170.6,
171.03333333333333,
171.06666666666666,
171.1,
171.13333333333333,
171.16666666666666,
171.2,-1.0103955
171.23333333333332,-1.7680796
171.26666666666668,-2.5089314
171.3,-2.995192
171.33333333333334,-3.5557127
171.36666666666667,-4.29198
171.4,-4.2745113
171.43333333333334,-3.383246
171.46666666666667,-2.325049
171.5,-1.6145297
171.53333333333333,-1.0559176
171.56666666666666,-0.7142445
171.6,-0.50695133
171.63333333333333,-0.3102426
171.66666666666666,0.060774326
171.7,0.061990336
171.73333333333332,0.107270606
171.76666666666668,-0.44323522
171.8,-0.88682437
171.83333333333334,-1.0472223
171.86666666666667,-0.88134444
171.9,-0.4320618
171.93333333333334,0.11167258
171.96666666666667,0.37589434
172.0,0.5641424
172.03333333333333,0.8317361
172.06666666666666,0.5170216
172.1,-0.1286222
172.13333333333333,-0.7307248
172.16666666666666,-1.296061
172.2,-1.646619
172.23333333333332,-1.767145
172.26666666666668,-1.7029103
172.3,-1.6827104
172.33333333333334,-1.6627078
172.36666666666667,-1.9406451
172.4,-1.7967167
172.43333333333334,-1.4189498
172.46666666666667,-1.0282567
172.5,-0.7829299
172.53333333333333,-0.7034861
172.56666666666666,-0.67940134
172.6,-0.5698812
172.63333333333333,-0.5956165
172.66666666666666,-0.6090665
172.7,-0.5152218
172.73333333333332,-0.3172822
172.76666666666668,-0.5458237
172.8,-1.0427448
172.83333333333334,-1.611732
172.86666666666667,-2.106176
172.9,-2.4782803
172.93333333333334,-2.721819
172.96666666666667,-2.5353808
173.0,-2.5351274
173.03333333333333,-2.6201575
173.06666666666666,-2.7841759
173.1,-2.4638867
173.13333333333333,-1.8131042
173.16666666666666,-1.2795486
173.2,-0.4138727
173.23333333333332,0.40797305
173.26666666666668,0.9633942
173.3,1.210168
173.33333333333334,1.6269916
173.36666666666667,1.9738572
173.4,2.1320612
173.43333333333334,1.8175
173.46666666666667,1.91217
173.5,2.1824253
173.53333333333333,2.5452454
173.56666666666666,3.060163
173.6,3.7009108
173.63333333333333,4.389216
173.66666666666666,4.461607
173.7,4.2432957
173.73333333333332,3.952426
173.76666666666668,3.854083
173.8,3.168715
173.83333333333334,3.2521026
173.86666666666667,
173.9,
173.93333333333334,
173.96666666666667,
174.0,
174.03333333333333,
174.06666666666666,
174.1,
174.13333333333333,
174.16666666666666,
174.2,-1.9164486
174.23333333333332,-3.062395
174.26666666666668,-3.5397818
174.3,-3.4575713
174.33333333333334,
174.36666666666667,
174.4,
174.43333333333334,
174.46666666666667,
174.7,
174.73333333333332,
174.76666666666668,
174.8,
174.83333333333334,
174.86666666666667,
174.9,
174.93333333333334,
174.96666666666667,
175.0,
175.03333333333333,
175.06666666666666,
175.33333333333334,
175.36666666666667,
175.4,
175.43333333333334,
175.46666666666667,
175.5,
175.53333333333333,
175.56666666666666,
175.6,
175.63333333333333,
175.66666666666666,
175.7,
175.73333333333332,
175.76666666666668,
175.8,
175.83333333333334,
175.86666666666667,
175.9,
175.93333333333334,-1.6412331
175.96666666666667,-1.6412331
176.0,-1.6412331
176.03333333333333,
176.06666666666666,
176.1,
176.13333333333333,
176.16666666666666,
176.2,
176.23333333333332,
176.26666666666668,
176.3,
176.33333333333334,
176.36666666666667,
176.4,
176.43333333333334,
176.46666666666667,
176.5,
176.53333333333333,
176.56666666666666,
176.6,
176.63333333333333,
176.66666666666666,
176.7,
176.73333333333332,
176.76666666666668,
176.8,
176.83333333333334,
176.86666666666667,
176.9,
176.93333333333334,
176.96666666666667,
177.0,
177.03333333333333,
177.06666666666666,
177.1,
177.13333333333333,
177.16666666666666,
177.2,0.57361484
177.23333333333332,0.74752253
177.26666666666668,0.79287046
177.3,0.69945455
177.33333333333334,0.45652387
177.36666666666667,0.20991477
177.4,-0.021377888
177.43333333333334,-0.14117397
177.46666666666667,
177.5,
177.53333333333333,
177.56666666666666,
177.6,
178.5,
178.53333333333333,
178.56666666666666,
178.6,
178.63333333333333,
178.66666666666666,-0.09035349
178.7,-0.49454406
178.73333333333332,-0.40629533
178.76666666666668,0.11739955
178.8,0.6751562
178.83333333333334,1.4238071
178.86666666666667,2.1935875
178.9,2.7674649
178.93333333333334,2.915017
178.96666666666667,2.7568967
179.0,2.9696875
179.03333333333333,3.0998847
179.06666666666666,2.923827
179.1,2.4525232
179.13333333333333,1.8552741
179.16666666666666,1.1046
179.2,0.34722778
179.23333333333332,-0.19212052
179.26666666666668,-0.26687005
179.3,0.0
179.33333333333334,0.0
179.36666666666667,-0.10510536
179.4,-0.14607412
179.43333333333334,0.16389254
179.46666666666667,0.47714588
179.5,0.8773628
179.53333333333333,1.11179
179.56666666666666,1.3816851
179.6,1.2017244
179.63333333333333,0.6395792
179.66666666666666,0.21235363
179.7,-0.28580686
179.73333333333332,0.35976845
179.76666666666668,0.38693735
179.8,0.2724554
179.83333333333334,0.19733249
179.86666666666667,0.45189992
179.9,0.70011806
179.93333333333334,1.1958294
179.96666666666667,1.6787981
180.0,2.0512824
180.03333333333333,2.228063
180.06666666666666,2.0409
180.1,1.8899292
180.13333333333333,1.4717036
180.16666666666666,0.7765544
180.2,-0.5615346
180.23333333333332,-1.1915466
180.26666666666668,-1.5257097
180.3,-1.3664521
180.33333333333334,-1.1815003
180.36666666666667,-1.2662895
180.4,-1.2771057
180.43333333333334,-1.2649405
180.46666666666667,-1.1273643
180.5,-0.27966848
180.53333333333333,0.59140676
180.56666666666666,0.7760247
180.6,0.7753627
180.63333333333333,0.70149136
180.66666666666666,0.7149537
180.7,0.9739817
180.73333333333332,1.3132735
180.76666666666668,1.8391174
180.8,2.5495734
180.83333333333334,2.6303704
180.86666666666667,2.6748478
180.9,2.386157
180.93333333333334,2.3380795
180.96666666666667,2.2586334
181.0,2.0077868
181.03333333333333,1.6871889
181.06666666666666,1.2023336
181.1,0.58591676
181.13333333333333,0.051239993
181.16666666666666,-0.45601454
181.2,-0.62536895
181.23333333333332,-0.33124325
181.26666666666668,-0.26407045
181.3,-0.162026
181.33333333333334,
181.36666666666667,
181.4,
181.43333333333334,
181.46666666666667,
181.5,
181.53333333333333,
181.56666666666666,
181.6,
181.63333333333333,
181.66666666666666,
181.7,
181.73333333333332,
181.76666666666668,
181.8,
181.83333333333334,
181.86666666666667,
181.9,
181.93333333333334,
181.96666666666667,
182.0,
182.03333333333333,
182.06666666666666,
182.1,
182.13333333333333,
182.16666666666666,
182.2,
182.23333333333332,
182.26666666666668,
182.3,
182.33333333333334,
182.36666666666667,
182.4,
182.43333333333334,
182.46666666666667,
182.5,
182.53333333333333,
182.56666666666666,
182.6,
182.63333333333333,
182.66666666666666,
182.7,
182.73333333333332,
182.76666666666668,
182.8,
182.83333333333334,
182.86666666666667,
182.9,
182.93333333333334,
182.96666666666667,
183.0,
183.03333333333333,
183.06666666666666,
183.1,
183.13333333333333,
183.16666666666666,
183.2,
183.23333333333332,
183.26666666666668,
183.3,
183.33333333333334,
183.36666666666667,
184.03333333333333,
184.06666666666666,
184.1,
184.13333333333333,
184.16666666666666,
184.2,
184.23333333333332,
184.26666666666668,
184.3,
184.33333333333334,
184.36666666666667,
184.4,
184.43333333333334,
184.46666666666667,
184.5,
184.53333333333333,
184.56666666666666,
184.6,
184.63333333333333,
184.66666666666666,
184.7,
184.73333333333332,
184.76666666666668,
184.8,
184.83333333333334,
184.86666666666667,
184.9,
184.93333333333334,
184.96666666666667,
185.1,
185.13333333333333,
185.16666666666666,
185.2,
185.23333333333332,
185.26666666666668,
185.3,
185.33333333333334,
185.36666666666667,
185.4,
185.43333333333334,0.0
185.46666666666667,0.0
185.5,0.0
185.53333333333333,0.0
185.56666666666666,0.0
185.6,0.0
185.63333333333333,0.019277649
185.66666666666666,0.024807524
185.7,0.0046263565
185.73333333333332,-0.08758888
185.76666666666668,-0.41017455
185.8,
185.83333333333334,
185.86666666666667,
185.9,
185.93333333333334,
188.4,
188.43333333333334,
188.46666666666667,
188.5,
188.53333333333333,
188.56666666666666,2.149639
188.6,2.4860883
188.63333333333333,2.3446634
188.66666666666666,1.9787204
188.7,1.7494687
188.73333333333332,1.7794003
188.76666666666668,1.7480471
188.8,1.5964043
188.83333333333334,1.7642417
188.86666666666667,2.3271525
188.9,2.7164433
188.93333333333334,2.8955913
188.96666666666667,2.7957437
189.0,2.5188613
189.03333333333333,2.2240646
189.06666666666666,2.074173
189.1,2.0478637
189.13333333333333,2.1388216
189.16666666666666,1.5607886
189.2,1.0648999
189.23333333333332,1.0191009
189.26666666666668,1.3127517
189.3,1.736866
189.33333333333334,2.0928493
189.36666666666667,2.293864
189.4,2.3414533
189.43333333333334,1.93574
189.46666666666667,1.7075329
189.5,1.8770717
189.53333333333333,1.909406
189.56666666666666,1.6610516
189.6,1.0567498
189.63333333333333,0.70822644
189.66666666666666,0.5208643
189.7,0.49681723
189.73333333333332,0.35079405
189.76666666666668,0.26126516
189.8,0.49369463
189.83333333333334,0.98454845
189.86666666666667,1.3640257
189.9,1.4632851
189.93333333333334,1.638095
189.96666666666667,1.6569601
190.0,
190.03333333333333,
190.06666666666666,
190.1,
190.13333333333333,
191.56666666666666,
191.6,
191.63333333333333,
191.66666666666666,
